section,order,title,year,dimensions,medium,status,price_dollars,raw_caption,image_url,src_width,src_height,orig_filename,used_original,image_id
abstracts,0,Emergence,2023,"36""x36""",Acrylic on canvas,available,5000,"Emergence (2023) 36""x36"" Acrylic on canvas. $5000",https://www.jamiekendrioski.com/uploads/b/6875f8966e2e6a6d93c7e7aa6d7e39b1bed95d22a4500fcabc6ef11b8b89391f/Geyser%20Pool%20reduced_1703117672.JPG,850,848,Geyser Pool reduced.JPG,False,ecb40bb0-9f95-11ee-8000-537e5f2cd1ba
abstracts,1,Coastal Inundation,2024,"30""x40""",Acrylic on canvas,sold,,Coastal Inundation (2024) 30”x40” Acrylic on canvas. SOLD,https://www.jamiekendrioski.com/uploads/b/6875f8966e2e6a6d93c7e7aa6d7e39b1bed95d22a4500fcabc6ef11b8b89391f/PXL_20240706_184045834~3_1721821547.jpg,1802,2421,PXL_20240706_184045834~3.jpg,False,49f760d0-49b2-11ef-8ea7-9dd91c480149
abstracts,2,Arctic Anxiety,2024,"24""x24""",Acrylic on canvas,available,750,Arctic Anxiety (2024) 24”x24” Acrylic on canvas. $750,https://www.jamiekendrioski.com/uploads/b/6875f8966e2e6a6d93c7e7aa6d7e39b1bed95d22a4500fcabc6ef11b8b89391f/PXL_20240706_183536048~2_1721821547.jpg,1933,1934,PXL_20240706_183536048~2.jpg,False,75cadc50-49b2-11ef-8ea7-9dd91c480149
abstracts,3,Gilded Coast 1,2024,"36""x36""",Acrylic on canvas,available,3000,Gilded Coast 1 (2024) 36”x36” Acrylic on canvas. $3000,https://www.jamiekendrioski.com/uploads/b/6875f8966e2e6a6d93c7e7aa6d7e39b1bed95d22a4500fcabc6ef11b8b89391f/PXL_20240706_183750039~2_1721821547.jpg,1865,1835,PXL_20240706_183750039~2.jpg,False,75cb0360-49b2-11ef-8ea7-9dd91c480149
abstracts,4,Gilded Coast 2,2024,"20""x20""",Acrylic on canvas,available,600,Gilded Coast 2 (2024) 20”x20”  Acrylic on canvas. $600,https://www.jamiekendrioski.com/uploads/b/6875f8966e2e6a6d93c7e7aa6d7e39b1bed95d22a4500fcabc6ef11b8b89391f/PXL_20240706_183626861~3_1721821547.jpg,1929,1931,PXL_20240706_183626861~3.jpg,False,75cadc51-49b2-11ef-8ea7-9dd91c480149
abstracts,5,Vortex,2023,"36""x36""",Acrylic on canvas,sold,,"Vortex (2023). 36""x36"" Acrylic on canvas. SOLD",https://www.jamiekendrioski.com/uploads/b/6875f8966e2e6a6d93c7e7aa6d7e39b1bed95d22a4500fcabc6ef11b8b89391f/vortex_1683381898.jpg,2013,2013,vortex.jpg,False,dc0b3b81-ec17-11ed-b21e-872c2328bf93
abstracts,6,Delta,2023,"40""x16""",Acrylic on canvas,sold,,"Delta (2023) 40""x16"" Acrylic on canvas. SOLD",https://www.jamiekendrioski.com/uploads/b/6875f8966e2e6a6d93c7e7aa6d7e39b1bed95d22a4500fcabc6ef11b8b89391f/water%20splatter1_1683381900.jpg,3500,1371,water splatter1.jpg,False,e65d5540-ec18-11ed-b21e-872c2328bf93
abstracts,7,Gorge,2023,"40""x16""",Acrylic on canvas,sold,,"Gorge (2023) 40""x16"" Acrylic on canvas. SOLD",https://www.jamiekendrioski.com/uploads/b/6875f8966e2e6a6d93c7e7aa6d7e39b1bed95d22a4500fcabc6ef11b8b89391f/water%20river%201_1683381899.jpg,3500,1358,water river 1.jpg,False,e65d5541-ec18-11ed-b21e-872c2328bf93
abstracts,8,Fleeting Impressions,2023,"24""x18""",Acrylic on canvas,sold,,"Fleeting Impressions (2023). 24""x18"" Acrylic on canvas. SOLD",https://www.jamiekendrioski.com/uploads/b/6875f8966e2e6a6d93c7e7aa6d7e39b1bed95d22a4500fcabc6ef11b8b89391f/shimmering%20lake_1683381901.jpg,3500,2628,shimmering lake.jpg,False,08470b30-ec17-11ed-b21e-872c2328bf93
abstracts,9,Untitled 24,2023,"10""x10""",Acrylic on canvas,sold,,"Untitled 24 (2023) 10""x10"" Acrylic on canvas. SOLD.",https://www.jamiekendrioski.com/uploads/b/6875f8966e2e6a6d93c7e7aa6d7e39b1bed95d22a4500fcabc6ef11b8b89391f/map%201_1683381897.jpg,2714,2713,map 1.jpg,False,e65d7c50-ec18-11ed-b21e-872c2328bf93
abstracts,10,Building a Life Together,2021,"30""x40""",Acrylic on canvas,sold,,"Building a Life Together (2021). 30""x40"", Acrylic on canvas. SOLD",https://www.jamiekendrioski.com/uploads/b/6875f8966e2e6a6d93c7e7aa6d7e39b1bed95d22a4500fcabc6ef11b8b89391f/PXL_20210518_144022961%20%281%29_1628207836.jpg,4032,3024,PXL_20210518_144022961 (1).jpg,True,bfdb5500-f649-11eb-bf6e-33b327d29080
abstracts,11,Vista,2022,"18""x24""",Acrylic on canvas,sold,,"Vista (2022). 18”x24”, Acrylic on canvas. SOLD",https://www.jamiekendrioski.com/uploads/b/6875f8966e2e6a6d93c7e7aa6d7e39b1bed95d22a4500fcabc6ef11b8b89391f/PXL_20220208_134826963_2%20%281%29_1645232275.jpg,3108,2322,PXL_20220208_134826963...(1).jpg,False,0e5a9b10-9121-11ec-8f32-4d3e31b39c4a
abstracts,12,Pasture,2023,"24""x24""",Acrylic on canvas,available,450,"Pasture (2023) 24""x24"" Acrylic on canvas. $450",https://www.jamiekendrioski.com/uploads/b/6875f8966e2e6a6d93c7e7aa6d7e39b1bed95d22a4500fcabc6ef11b8b89391f/pasture_1683381899.jpg,2814,2814,pasture.jpg,False,dc0b3b80-ec17-11ed-b21e-872c2328bf93
abstracts,13,Globe 2,2022,,Acrylic on canvas,sold,,"Globe 2 (2022) 10'x10"" Acrylic on canvas. SOLD",https://www.jamiekendrioski.com/uploads/b/6875f8966e2e6a6d93c7e7aa6d7e39b1bed95d22a4500fcabc6ef11b8b89391f/globe%20%282%29_1683384336.jpg,2711,2711,globe (2).jpg,False,ae6c3581-ec1c-11ed-b21e-872c2328bf93
abstracts,14,In Transit,2022,"24""x24""",Oil on canvas,sold,,"In Transit (2022) 24""x24"", Oil on canvas. SOLD",https://www.jamiekendrioski.com/uploads/b/6875f8966e2e6a6d93c7e7aa6d7e39b1bed95d22a4500fcabc6ef11b8b89391f/IMG_20220420_071840_819_3_1651229308.jpg,2642,2689,IMG_20220420_071840_819_3.jpg,False,f67e1020-c7a9-11ec-a680-8177255dedc6
abstracts,15,Shattered,2022,"24""x24""",Acrylic on canvas,sold,,"Shattered (2022). 24”x24”, Acrylic on canvas. SOLD",https://www.jamiekendrioski.com/uploads/b/6875f8966e2e6a6d93c7e7aa6d7e39b1bed95d22a4500fcabc6ef11b8b89391f/PXL_20220206_191714532_2%20%281%29_1645232275.jpg,2417,2417,PXL_20220206_191714532...(1).jpg,False,c0288f20-911f-11ec-8f32-4d3e31b39c4a
abstracts,16,Apprehension,2023,"24""x24""",Acrylic on canvas,sold,,"Apprehension (2023) 24""x24"" Acrylic on canvas. SOLD",https://www.jamiekendrioski.com/uploads/b/6875f8966e2e6a6d93c7e7aa6d7e39b1bed95d22a4500fcabc6ef11b8b89391f/church_1683384330.jpg,2318,2318,church.jpg,False,ae6c3580-ec1c-11ed-b21e-872c2328bf93
abstracts,17,Emerging from the Shadows,2022,"24""x24""",Acrylic on canvas,sold,,"Emerging from the Shadows (2022). 24”x24”, Acrylic on canvas. SOLD",https://www.jamiekendrioski.com/uploads/b/6875f8966e2e6a6d93c7e7aa6d7e39b1bed95d22a4500fcabc6ef11b8b89391f/PXL_20220208_134425362_2%20%281%29_1645232276.jpg,2634,2628,PXL_20220208_134425362...(1).jpg,False,a2975350-9120-11ec-8f32-4d3e31b39c4a
abstracts,18,Distortion,2023,"16""x20""",Acrylic on canvas,available,400,"Distortion (2023) 16""x20"" Acrylic on canvas. $400",https://www.jamiekendrioski.com/uploads/b/6875f8966e2e6a6d93c7e7aa6d7e39b1bed95d22a4500fcabc6ef11b8b89391f/torii%20jpos%20%281%20of%201%29_1628207837.jpg,2560,2560,torii jpos (1 of 1).jpg,False,0d92c4a0-f649-11eb-bf6e-33b327d29080
abstracts,19,Vibrant Decay,2021,"30""x40""",Acrylic on canvas,sold,,"Vibrant Decay (2021). 30""x40"", Acrylic on canvas. SOLD",https://www.jamiekendrioski.com/uploads/b/6875f8966e2e6a6d93c7e7aa6d7e39b1bed95d22a4500fcabc6ef11b8b89391f/focus%203%20%281%20of%201%29_1628207838.jpg,3319,2454,focus 3 (1 of 1).jpg,False,209233b0-f649-11eb-bf6e-33b327d29080
abstracts,20,Untitled,2022,"12""x16""",Acrylic on canvas,sold,,"Untitled (2022). 12""x16"", Acrylic on canvas. SOLD",https://www.jamiekendrioski.com/uploads/b/6875f8966e2e6a6d93c7e7aa6d7e39b1bed95d22a4500fcabc6ef11b8b89391f/fabric%20ribbons_1651797726.jpg,1664,2223,fabric ribbons.jpg,False,5c409740-ccd5-11ec-af9a-432826feb18d
abstracts,21,Passing Through,2022,"30""x40""",Oil on canvas,sold,,"Passing Through (2022). 30""x40"", Oil on canvas. SOLD",https://www.jamiekendrioski.com/uploads/b/6875f8966e2e6a6d93c7e7aa6d7e39b1bed95d22a4500fcabc6ef11b8b89391f/art_1651484690.jpg,2268,1690,art.jpg,False,85c49fc0-c9fc-11ec-8a88-217b4793b0b9
abstracts,22,Fleeting Moment,2021,"20""x20""",Acrylic on canvas,sold,,"Fleeting Moment (2021). 20""x20"", Acrylic on canvas. SOLD.",https://www.jamiekendrioski.com/uploads/b/6875f8966e2e6a6d93c7e7aa6d7e39b1bed95d22a4500fcabc6ef11b8b89391f/try%20again_1629662656.jpg,1319,1289,try again.jpg,True,22f3c450-0384-11ec-9c63-dd44e4f63e8e
abstracts,23,Civil Disobedience,2021,"24""x36""",Acrylic on canvas,sold,,"Civil Disobedience (2021). 24""x36"", Acrylic on canvas. SOLD",https://www.jamiekendrioski.com/uploads/b/6875f8966e2e6a6d93c7e7aa6d7e39b1bed95d22a4500fcabc6ef11b8b89391f/PXL_20210924_133712350_1632618405.jpg,3286,2202,PXL_20210924_133712350.jpg,False,783a31e0-1e66-11ec-a02b-21644bed4d74
abstracts,24,Imminent,2018,"24""x24""",Oil on canvas,nfs,,"Imminent (2018). 24""x24"", Oil on canvas. NFS",https://www.jamiekendrioski.com/uploads/b/6875f8966e2e6a6d93c7e7aa6d7e39b1bed95d22a4500fcabc6ef11b8b89391f/fav_1629658463.JPG,1133,1136,fav.JPG,False,c96c5810-0384-11ec-9c63-dd44e4f63e8e
abstracts,25,Seraphic,2021,"18""x18""",Acrylic on canvas,sold,,"Seraphic (2021). 18""x18"", Acrylic on canvas. SOLD",https://www.jamiekendrioski.com/uploads/b/6875f8966e2e6a6d93c7e7aa6d7e39b1bed95d22a4500fcabc6ef11b8b89391f/wash%20%281%20of%201%29_1628207836.jpg,2473,2473,wash (1 of 1).jpg,False,00e698d0-f649-11eb-bf6e-33b327d29080
abstracts,26,Assembly,2022,"24""x48""",Acrylic on canvas,sold,,"Assembly (2022). 24”x48”, Acrylic on canvas. SOLD",https://www.jamiekendrioski.com/uploads/b/6875f8966e2e6a6d93c7e7aa6d7e39b1bed95d22a4500fcabc6ef11b8b89391f/PXL_20220206_212215035_3%20%281%29_1645232275.jpg,2135,1063,PXL_20220206_212215035...(1).jpg,False,06786fe0-9120-11ec-8f32-4d3e31b39c4a
abstracts,27,Before and After,2021,"20""x20""",Acrylic on canvas,sold,,"Before and After (2021). 20""x20"", Acrylic on canvas. SOLD",https://www.jamiekendrioski.com/uploads/b/6875f8966e2e6a6d93c7e7aa6d7e39b1bed95d22a4500fcabc6ef11b8b89391f/gum%20%281%20of%201%29_1628207838.jpg,2532,2532,gum (1 of 1).jpg,False,15d61810-f649-11eb-bf6e-33b327d29080
abstracts,28,Abandoned,2021,"20""x20""",Acrylic on canvas,sold,,"Abandoned (2021). 20""x20"", Acrylic on canvas. SOLD",https://www.jamiekendrioski.com/uploads/b/6875f8966e2e6a6d93c7e7aa6d7e39b1bed95d22a4500fcabc6ef11b8b89391f/IMG_20210205_150810_592_2_1628207834.jpg,927,894,IMG_20210205_150810_592_2.jpg,False,5df9a760-f649-11eb-bf6e-33b327d29080
abstracts,29,Curiosity,2021,"24""x24""",Acrylic on canvas,sold,,"Curiosity (2021). 24""x24"", Acrylic on canvas. SOLD",https://www.jamiekendrioski.com/uploads/b/6875f8966e2e6a6d93c7e7aa6d7e39b1bed95d22a4500fcabc6ef11b8b89391f/PXL_20210711_194805910_1628207834.jpg,2914,2962,PXL_20210711_194805910.jpg,True,4a923240-f64a-11eb-bf6e-33b327d29080
abstracts,30,Recalling Rhytidome,2021,"20""x20""",Acrylic on canvas,sold,,"Recalling Rhytidome (2021). 20""x20"", Acrylic on canvas. SOLD.",https://www.jamiekendrioski.com/uploads/b/6875f8966e2e6a6d93c7e7aa6d7e39b1bed95d22a4500fcabc6ef11b8b89391f/PXL_20210419_183651754_1628207834.jpg,2540,2562,PXL_20210419_183651754.jpg,False,59a73d30-f649-11eb-bf6e-33b327d29080
abstracts,31,Ubiquitous Surveillance,2021,"15""x30""",Acrylic on canvas,sold,,"Ubiquitous Surveillance (2021). 15""x30"", Acrylic on canvas. SOLD.",https://www.jamiekendrioski.com/uploads/b/6875f8966e2e6a6d93c7e7aa6d7e39b1bed95d22a4500fcabc6ef11b8b89391f/PXL_20210827_210054467_1630098156.jpg,1784,3596,PXL_20210827_210054467.jpg,False,1c2f4ff0-077a-11ec-b120-b1e28c1d64ba
abstracts,32,Inviting the Light,2020,"11""x14""",Acrylic on canvas,sold,,"Inviting the Light (2020). 11”x14”, Acrylic on canvas. SOLD",https://www.jamiekendrioski.com/uploads/b/6875f8966e2e6a6d93c7e7aa6d7e39b1bed95d22a4500fcabc6ef11b8b89391f/IMG_20200720_185338_696_2_1628209821.jpg,2081,2699,IMG_20200720_185338_696_2.jpg,False,1950f4b0-f64e-11eb-bf6e-33b327d29080
abstracts,33,The Assembly,2020,"16""x20""",Acrylic on canvas,sold,,"The Assembly (2020). 16""x20"", Acrylic on canvas. SOLD",https://www.jamiekendrioski.com/uploads/b/6875f8966e2e6a6d93c7e7aa6d7e39b1bed95d22a4500fcabc6ef11b8b89391f/IMG_20200907_091443_073_2_1628209820.jpg,2267,2887,IMG_20200907_091443_073_2.jpg,False,23294000-f64e-11eb-bf6e-33b327d29080
abstracts,34,Recalling Better Days,2019,"20""x20""",Acrylic on canvas,sold,,"Recalling Better Days (2019). 20""x20"", Acrylic on canvas. SOLD",https://www.jamiekendrioski.com/uploads/b/6875f8966e2e6a6d93c7e7aa6d7e39b1bed95d22a4500fcabc6ef11b8b89391f/IMG_20200912_120826_658_2_1628209819.jpg,1183,1194,IMG_20200912_120826_658_2.jpg,False,1cd9a640-f64e-11eb-bf6e-33b327d29080
abstracts,35,Yearning,2020,"20""x20""",Oil on canvas,sold,,"Yearning (2020). 20”x20”, Oil on canvas. SOLD",https://www.jamiekendrioski.com/uploads/b/6875f8966e2e6a6d93c7e7aa6d7e39b1bed95d22a4500fcabc6ef11b8b89391f/IMG_20200421_174039_3%20%281%29_1647180255.jpg,2277,2261,IMG_20200421_174039_3 (1).jpg,False,7b9f47e0-a2d6-11ec-9849-add38c044bdf
abstracts,36,Jupiter's Influence,2021,"16""x16""",Acrylic on canvas,sold,,"Jupiter’s Influence (2021). 16”x16”, Acrylic on canvas. SOLD.",https://www.jamiekendrioski.com/uploads/b/6875f8966e2e6a6d93c7e7aa6d7e39b1bed95d22a4500fcabc6ef11b8b89391f/IMG_20210417_213532_433_2_1628209820.jpg,1703,1737,IMG_20210417_213532_433_2.jpg,False,23294001-f64e-11eb-bf6e-33b327d29080
abstracts,37,Youthful Exuberance,2020,"24""x24""",Oil on canvas,sold,,"Youthful Exuberance (2020). 24”x24”, Oil on canvas. SOLD",https://www.jamiekendrioski.com/uploads/b/6875f8966e2e6a6d93c7e7aa6d7e39b1bed95d22a4500fcabc6ef11b8b89391f/IMG_20200329_150715_889_2_1628209821.jpg,2419,2434,IMG_20200329_150715_889_2.jpg,False,32f4fb50-f64e-11eb-bf6e-33b327d29080
abstracts,38,Behold,2019,"24""x24""",Oil on canvas,sold,,"Behold (2019). 24""x24"", Oil on canvas. SOLD",https://www.jamiekendrioski.com/uploads/b/6875f8966e2e6a6d93c7e7aa6d7e39b1bed95d22a4500fcabc6ef11b8b89391f/Capture_1630097755.JPG,985,1000,Capture.JPG,False,2d992050-0779-11ec-b120-b1e28c1d64ba
abstracts,39,Expanding Possibilities,2021,"36""x48""",Acrylic on canvas,sold,,"Expanding Possibilities (2021). 36""x48"", Acrylic on canvas. SOLD",https://www.jamiekendrioski.com/uploads/b/6875f8966e2e6a6d93c7e7aa6d7e39b1bed95d22a4500fcabc6ef11b8b89391f/Capture_1629658592.JPG,1371,1036,Capture.JPG,False,403f9d40-0384-11ec-9c63-dd44e4f63e8e
abstracts,40,Untitled,2021,"36""x48""",Acrylic on canvas,sold,,"Untitled (2021). 36""x48"", Acrylic on canvas. SOLD",https://www.jamiekendrioski.com/uploads/b/6875f8966e2e6a6d93c7e7aa6d7e39b1bed95d22a4500fcabc6ef11b8b89391f/PXL_20210808_161243193_2_1629658429.jpg,3579,2630,PXL_20210808_161243193_2.jpg,False,d7c28a60-0384-11ec-9c63-dd44e4f63e8e
abstracts,41,The Ascent,2020,"24""x24""",Acrylic on canvas,sold,,"The Ascent (2020). 24""x24"", Acrylic on canvas. SOLD.",https://www.jamiekendrioski.com/uploads/b/6875f8966e2e6a6d93c7e7aa6d7e39b1bed95d22a4500fcabc6ef11b8b89391f/IMG_20200720_185621_010_2_1629658435.jpg,2460,2506,IMG_20200720_185621_010_2.jpg,False,dd082e30-0384-11ec-9c63-dd44e4f63e8e
abstracts,42,Confetti,2019,"24""x24""",Oil on canvas,sold,,"Confetti (2019). 24""x24"", Oil on canvas. SOLD",https://www.jamiekendrioski.com/uploads/b/6875f8966e2e6a6d93c7e7aa6d7e39b1bed95d22a4500fcabc6ef11b8b89391f/_DSC6052-5_1628209826.jpg,2272,2272,_DSC6052-5.jpg,False,40dbf110-f64e-11eb-bf6e-33b327d29080
abstracts,43,Apparitions,2021,"11""x14""",Acrylic on canvas,sold,,"Apparitions (2021). 11""x14"", Acrylic on canvas. SOLD",https://www.jamiekendrioski.com/uploads/b/6875f8966e2e6a6d93c7e7aa6d7e39b1bed95d22a4500fcabc6ef11b8b89391f/IMG_20210609_112926_089_1628209824.jpg,3511,2878,IMG_20210609_112926_089.jpg,True,a6818480-f64e-11eb-bf6e-33b327d29080
abstracts,44,Trust,2020,"11""x14""",Acrylic on canvas,sold,,"Trust (2020). 11""x14"", Acrylic on canvas. SOLD",https://www.jamiekendrioski.com/uploads/b/6875f8966e2e6a6d93c7e7aa6d7e39b1bed95d22a4500fcabc6ef11b8b89391f/IMG_20200924_065315_281_2_1629658419.jpg,1291,1032,IMG_20200924_065315_281_2.jpg,False,02df6010-0385-11ec-9c63-dd44e4f63e8e
abstracts,45,Bayou,2019,"24""x48""",Oil on canvas,sold,,"Bayou (2019). 24”x48”, Oil on canvas. SOLD.",https://www.jamiekendrioski.com/uploads/b/6875f8966e2e6a6d93c7e7aa6d7e39b1bed95d22a4500fcabc6ef11b8b89391f/notyettitled.RI_1647180254.jpg,1153,2462,notyettitled.RI.jpg,False,8d849460-a2d6-11ec-9849-add38c044bdf
abstracts,46,Rising from the Depths,2021,"15""x30""",Acrylic on canvas,sold,,"Rising from the Depths (2021). 15""x30"", Acrylic on canvas. SOLD",https://www.jamiekendrioski.com/uploads/b/6875f8966e2e6a6d93c7e7aa6d7e39b1bed95d22a4500fcabc6ef11b8b89391f/IMG_20210206_172404_569_2_1629658415.jpg,1482,3064,IMG_20210206_172404_569_2.jpg,False,b0856b70-037a-11ec-9c63-dd44e4f63e8e
abstracts,47,Marriage,2018,"30""x40""",Oil on canvas,sold,,"Marriage (2018). 30""x40"", Oil on canvas. SOLD",https://www.jamiekendrioski.com/uploads/b/6875f8966e2e6a6d93c7e7aa6d7e39b1bed95d22a4500fcabc6ef11b8b89391f/IMG_20210710_083853_977_1628208650.jpg,3595,2906,IMG_20210710_083853_977.jpg,True,c4c88320-f64a-11eb-bf6e-33b327d29080
abstracts,48,Too Late,2019,"24""x36""",Oil on canvas,sold,,"Too Late (2019). 24""x36"", Oil on canvas. SOLD",https://www.jamiekendrioski.com/uploads/b/6875f8966e2e6a6d93c7e7aa6d7e39b1bed95d22a4500fcabc6ef11b8b89391f/_DSC6025-2_1628209824.jpg,2286,3437,_DSC6025-2.jpg,False,40dbf111-f64e-11eb-bf6e-33b327d29080
abstracts,49,Pushing Through the Pain,2020,"20""x24""",Oil on canvas,sold,,"Pushing Through the Pain (2020). 20”x24”, Oil on canvas. SOLD.",https://www.jamiekendrioski.com/uploads/b/6875f8966e2e6a6d93c7e7aa6d7e39b1bed95d22a4500fcabc6ef11b8b89391f/IMG_20200905_084017_844_2_1628209819.jpg,1187,1420,IMG_20200905_084017_844_2.jpg,False,047572a2-f64e-11eb-bf6e-33b327d29080
cityscapes-seascapes,0,Race Point Beach,2023,"48""x36""",Acrylic on canvas,available,6500,"Race Point Beach (2023). 48""x36"". Acrylic on canvas. $6500",https://www.jamiekendrioski.com/uploads/b/6875f8966e2e6a6d93c7e7aa6d7e39b1bed95d22a4500fcabc6ef11b8b89391f/Race%20Point%20Beach%20snip_1699797291.PNG,753,564,Race Point Beach snip.PNG,False,0edeec60-8163-11ee-b550-3717f2e62a9c
cityscapes-seascapes,1,Still Waters Reflection,2023,"48""x36""",Acrylic on canvas,available,4250,"Still Waters Reflection (2023). 48""x36"", Acrylic on canvas. $4250",https://www.jamiekendrioski.com/uploads/b/6875f8966e2e6a6d93c7e7aa6d7e39b1bed95d22a4500fcabc6ef11b8b89391f/PXL_20230510_123222958~3_1683901256.jpg,2246,1810,PXL_20230510_123222958~3.jpg,False,37763170-f0d0-11ed-808c-57100a1e5eb8
cityscapes-seascapes,2,Mountain Splendor,2022,"30""x48""",Oil on canvas,sold,,"Mountain Splendor (2022). 30”x48”, Oil on canvas. SOLD.",https://www.jamiekendrioski.com/uploads/b/6875f8966e2e6a6d93c7e7aa6d7e39b1bed95d22a4500fcabc6ef11b8b89391f/PXL_20220408_195514588_9_1649762666.jpg,2234,1394,PXL_20220408_195514588_9.jpg,False,1e1cd260-ba53-11ec-940f-59d93102e759
cityscapes-seascapes,3,Vista,2022,"18""x24""",Acrylic on canvas,sold,,"Vista (2022). 18”x24”, Acrylic on canvas. SOLD",https://www.jamiekendrioski.com/uploads/b/6875f8966e2e6a6d93c7e7aa6d7e39b1bed95d22a4500fcabc6ef11b8b89391f/PXL_20220208_134826963_2%20%281%29_1645232275.jpg,3108,2322,PXL_20220208_134826963...(1).jpg,False,6f5ab430-ba53-11ec-940f-59d93102e759
cityscapes-seascapes,4,City Vibes,2022,"24""x24""",Acrylic on canvas,available,600,"City Vibes (2022). 24”x24”, Acrylic on canvas. $600",https://www.jamiekendrioski.com/uploads/b/6875f8966e2e6a6d93c7e7aa6d7e39b1bed95d22a4500fcabc6ef11b8b89391f/PXL_20220208_134641264_2%20%281%29_1645232275.jpg,2535,2560,PXL_20220208_134641264...(1).jpg,False,904b9950-911f-11ec-8f32-4d3e31b39c4a
cityscapes-seascapes,5,Pilgrim monument 1,2023,"12""x12""",Acrylic on canvas,sold,,"Pilgrim monument 1 (2023). 12""x12"" Acrylic on canvas. SOLD.",https://www.jamiekendrioski.com/uploads/b/6875f8966e2e6a6d93c7e7aa6d7e39b1bed95d22a4500fcabc6ef11b8b89391f/Pilgrim%20monument%201_1683381898.jpg,2757,2757,Pilgrim monument 1.jpg,False,efcd7370-ec19-11ed-b21e-872c2328bf93
cityscapes-seascapes,6,"Pilgrim Monument, 2",2023,"12""x24""",Acrylic on canvas,sold,,"Pilgrim Monument, 2 (2023). 12""x24"" Acrylic on canvas. SOLD",https://www.jamiekendrioski.com/uploads/b/6875f8966e2e6a6d93c7e7aa6d7e39b1bed95d22a4500fcabc6ef11b8b89391f/Pilgrim%20monument%202_1683381898.jpg,1730,3500,Pilgrim monument 2.jpg,False,efcd7371-ec19-11ed-b21e-872c2328bf93
cityscapes-seascapes,7,Untitled,2020,"24""x30""",Acrylic on canvas,sold,,"Untitled (2020). 24""x30"", Acrylic on canvas. SOLD",https://www.jamiekendrioski.com/uploads/b/6875f8966e2e6a6d93c7e7aa6d7e39b1bed95d22a4500fcabc6ef11b8b89391f/IMG_20201123_120520_2_1628207841.jpg,3119,2519,IMG_20201123_120520_2.jpg,True,e5d805b0-f648-11eb-bf6e-33b327d29080
cityscapes-seascapes,8,Cityscape,2019,,Oil on canvas,sold,,Cityscape (2019). Oil on canvas. SOLD,https://www.jamiekendrioski.com/uploads/b/6875f8966e2e6a6d93c7e7aa6d7e39b1bed95d22a4500fcabc6ef11b8b89391f/city_1629652318.JPG,1884,942,city.JPG,False,11f409c0-036c-11ec-ba7a-312052656fe3
cityscapes-seascapes,9,Unrest Begets Hope,2019,"20""x20""",Oil on canvas,sold,,"Unrest Begets Hope (2019). 20""x20"", Oil on canvas. SOLD",https://www.jamiekendrioski.com/uploads/b/6875f8966e2e6a6d93c7e7aa6d7e39b1bed95d22a4500fcabc6ef11b8b89391f/_DSC6018-6-1_1628209822.jpg,2324,2307,_DSC6018-6-1.jpg,False,90f2df10-f64e-11eb-bf6e-33b327d29080
cityscapes-seascapes,10,Provincetown Pier,2021,"24""x24""",Acrylic on canvas,sold,,"Provincetown Pier (2021). 24""x24"", Acrylic on canvas. SOLD",https://www.jamiekendrioski.com/uploads/b/6875f8966e2e6a6d93c7e7aa6d7e39b1bed95d22a4500fcabc6ef11b8b89391f/IMG_20210205_130935_186_2_1628209820.jpg,1133,1112,IMG_20210205_130935_186_2.jpg,False,04754b91-f64e-11eb-bf6e-33b327d29080
cityscapes-seascapes,11,Crashing Gently,2018,"10""x10""",Oil on canvas,sold,,"Crashing Gently (2018). 10""x10"", Oil on canvas. SOLD.",https://www.jamiekendrioski.com/uploads/b/6875f8966e2e6a6d93c7e7aa6d7e39b1bed95d22a4500fcabc6ef11b8b89391f/new_1629652177.JPG,1033,1023,new.JPG,False,c9828180-036b-11ec-ba7a-312052656fe3
cityscapes-seascapes,12,Seascape,2018,"12""x36""",Oil on canvas,sold,,"Seascape (2018). 12""x36"", Oil on canvas. SOLD",https://www.jamiekendrioski.com/uploads/b/6875f8966e2e6a6d93c7e7aa6d7e39b1bed95d22a4500fcabc6ef11b8b89391f/seascape_1629648934.JPG,2421,801,seascape.JPG,False,3d39a150-0365-11ec-ba7a-312052656fe3
cityscapes-seascapes,13,"Playa el Pimental, El Salvador",2018,"24""x24""",Oil on canvas,sold,,"Playa el Pimental, El Salvador (2018). 24""x24"", Oil on canvas. SOLD",https://www.jamiekendrioski.com/uploads/b/6875f8966e2e6a6d93c7e7aa6d7e39b1bed95d22a4500fcabc6ef11b8b89391f/playa_1629649138.JPG,1128,1128,playa.JPG,False,3d39c860-0365-11ec-ba7a-312052656fe3
florals,0,Serenity,2021,"30""x40""",Acrylic on canvas,sold,,"Serenity (2021). 30""x40"", Acrylic on canvas. SOLD.",https://www.jamiekendrioski.com/uploads/b/6875f8966e2e6a6d93c7e7aa6d7e39b1bed95d22a4500fcabc6ef11b8b89391f/flowers%20%281%20of%201%29_1625254449.jpg,2590,1727,flowers (1 of 1).jpg,False,945755e0-f645-11eb-bf6e-33b327d29080
florals,1,Untitled,2020,"11""x14""",Acrylic on canvas,sold,,"Untitled (2020). 11""x14"", Acrylic on canvas. SOLD",https://www.jamiekendrioski.com/uploads/b/6875f8966e2e6a6d93c7e7aa6d7e39b1bed95d22a4500fcabc6ef11b8b89391f/IMG_20200720_185039_453_2_1628209819.jpg,1969,2529,IMG_20200720_185039_453_2.jpg,False,32f4fb51-f64e-11eb-bf6e-33b327d29080
florals,2,In Bloom,2018,"36""x36""",Oil on canvas,sold,,"In Bloom (2018). 36""x36"", Oil on canvas. SOLD",https://www.jamiekendrioski.com/uploads/b/6875f8966e2e6a6d93c7e7aa6d7e39b1bed95d22a4500fcabc6ef11b8b89391f/In%20bloom.RI_1628207081.jpg,2500,2452,In bloom.RI.jpg,False,22755d80-f647-11eb-bf6e-33b327d29080
florals,3,Meadow,2020,"12""x12""",Acrylic on canvas,sold,,"Meadow (2020). 12""x12"", Acrylic on canvas. SOLD.",https://www.jamiekendrioski.com/uploads/b/6875f8966e2e6a6d93c7e7aa6d7e39b1bed95d22a4500fcabc6ef11b8b89391f/PXL_20210827_213837871%20%281%29_1630100673.jpg,2797,2796,PXL_20210827_213837871 (1).jpg,False,f8b25300-077f-11ec-b120-b1e28c1d64ba
florals,4,Rose,2018,"10""x10""",Oil on canvas,sold,,"Rose (2018). 10""x10"". Oil on canvas. SOLD",https://www.jamiekendrioski.com/uploads/b/6875f8966e2e6a6d93c7e7aa6d7e39b1bed95d22a4500fcabc6ef11b8b89391f/rose_1629658458.JPG,751,740,rose.JPG,False,d6a90fa0-037a-11ec-9c63-dd44e4f63e8e
florals,5,Almost There,2018,"36""x36""",Oil on canvas,sold,,"Almost There (2018). 36""x36"", Oil on canvas. SOLD",https://www.jamiekendrioski.com/uploads/b/6875f8966e2e6a6d93c7e7aa6d7e39b1bed95d22a4500fcabc6ef11b8b89391f/almostthere.projection_1629649349.jpg,2267,2312,almostthere.projection.jpg,False,8911c570-036b-11ec-ba7a-312052656fe3
florals,6,Untitled,2019,,Acrylic on canvas,sold,,Untitled (2019). Acrylic on canvas. SOLD,https://www.jamiekendrioski.com/uploads/b/6875f8966e2e6a6d93c7e7aa6d7e39b1bed95d22a4500fcabc6ef11b8b89391f/flo_1629652113.JPG,963,954,flo.JPG,False,96adf690-036b-11ec-ba7a-312052656fe3
florals,7,Blossoming,2020,"12""x12""",Acrylic on canvas,available,200,"Blossoming (2020). 12""x12"", Acrylic on canvas. $200. SOLD",https://www.jamiekendrioski.com/uploads/b/6875f8966e2e6a6d93c7e7aa6d7e39b1bed95d22a4500fcabc6ef11b8b89391f/PXL_20210827_213928447_1630100688.jpg,2642,2641,PXL_20210827_213928447.jpg,False,015b9430-0780-11ec-b120-b1e28c1d64ba
pixels-rainbows,0,Resolute Approach,2022,"24""x30""",Oil on canvas,available,600,"Resolute Approach (2022). 24""x30"". Oil on canvas. $600",https://www.jamiekendrioski.com/uploads/b/6875f8966e2e6a6d93c7e7aa6d7e39b1bed95d22a4500fcabc6ef11b8b89391f/PXL_20220313_132052166_2_1647179389.jpg,2812,3535,PXL_20220313_132052166_2.jpg,False,76df12a0-a2d4-11ec-9849-add38c044bdf
pixels-rainbows,1,"Rustic Rainbow, 1",2022,"20""x16""",Acrylic on canvas,sold,,"Rustic Rainbow, 1 (2022). 20""x16"". Acrylic on canvas. SOLD.",https://www.jamiekendrioski.com/uploads/b/6875f8966e2e6a6d93c7e7aa6d7e39b1bed95d22a4500fcabc6ef11b8b89391f/PXL_20220923_173552858.PORTRAIT_2_1664397386.jpg,3415,2721,PXL_20220923_173552858...T_2.jpg,False,3076ca70-3f6d-11ed-ba4d-13d14b3f58ec
pixels-rainbows,2,"Rustic Rainbow, 2",2022,"12""x12""",Acrylic on canvas,available,350,"Rustic Rainbow, 2 (2022). 12""x12"" Acrylic on canvas. $350",https://www.jamiekendrioski.com/uploads/b/6875f8966e2e6a6d93c7e7aa6d7e39b1bed95d22a4500fcabc6ef11b8b89391f/PXL_20220923_173501173.PORTRAIT_2_1664397392.jpg,2788,2781,PXL_20220923_173501173...T_2.jpg,False,3076f180-3f6d-11ed-ba4d-13d14b3f58ec
pixels-rainbows,3,Defiance,2022,"24""x30""",Oil on canvas,sold,,"Defiance (2022). 24""x30"". Oil on canvas. SOLD",https://www.jamiekendrioski.com/uploads/b/6875f8966e2e6a6d93c7e7aa6d7e39b1bed95d22a4500fcabc6ef11b8b89391f/PXL_20220313_133224454_3_1647179383.jpg,2622,3289,PXL_20220313_133224454_3.jpg,False,76deeb90-a2d4-11ec-9849-add38c044bdf
pixels-rainbows,4,Spectrum,2022,"16""x40""",Acrylic on canvas,sold,,"Spectrum (2022). 16”x40”, Acrylic on canvas. SOLD",https://www.jamiekendrioski.com/uploads/b/6875f8966e2e6a6d93c7e7aa6d7e39b1bed95d22a4500fcabc6ef11b8b89391f/PXL_20220208_134520377_2%20%281%29_1645232275.jpg,1206,3139,PXL_20220208_134520377...(1).jpg,False,28c9c800-ec1e-11ed-92de-e99fe8df432a
pixels-rainbows,5,Pride,2019,"12""x16""",Oil on canvas,sold,,"Pride (2019). 12""x16"", Oil on canvas. SOLD",https://www.jamiekendrioski.com/uploads/b/6875f8966e2e6a6d93c7e7aa6d7e39b1bed95d22a4500fcabc6ef11b8b89391f/Pride%209x12-1_1628209822.jpg,3184,2382,Pride 9x12-1.jpg,False,1a8174a0-0363-11ec-ba7a-312052656fe3
pixels-rainbows,6,Revealing,2022,"10""x10""",Acrylic on canvas,sold,,"Revealing (2022). 10""x10"" Acrylic on canvas. SOLD",https://www.jamiekendrioski.com/uploads/b/6875f8966e2e6a6d93c7e7aa6d7e39b1bed95d22a4500fcabc6ef11b8b89391f/PXL_20220904_134919062_2_1664397397.jpg,2203,2203,PXL_20220904_134919062_2.jpg,False,3076f181-3f6d-11ed-ba4d-13d14b3f58ec
pixels-rainbows,7,Untitled,2020,"12""x16""",Acrylic on canvas,sold,,"Untitled (2020). 12""x16"", Acrylic on canvas. SOLD",https://www.jamiekendrioski.com/uploads/b/6875f8966e2e6a6d93c7e7aa6d7e39b1bed95d22a4500fcabc6ef11b8b89391f/rainbow_1647183402.JPG,1237,927,rainbow.JPG,False,ce0ca4d0-a2dd-11ec-9d94-359ea002e07d
pixels-rainbows,8,Break Through,2013,"24""x48""",Oil on canvas,sold,,"Break Through (2013). 24""x48"", Oil on canvas. SOLD",https://www.jamiekendrioski.com/uploads/b/6875f8966e2e6a6d93c7e7aa6d7e39b1bed95d22a4500fcabc6ef11b8b89391f/break%20through_1629648929.JPG,2138,1062,break through.JPG,True,3b60cc30-0371-11ec-9c63-dd44e4f63e8e
pixels-rainbows,9,Tremulous,2018,"30""x40""",Oil on canvas,sold,,"Tremulous (2018). 30""x40"", Oil on canvas. SOLD",https://www.jamiekendrioski.com/uploads/b/6875f8966e2e6a6d93c7e7aa6d7e39b1bed95d22a4500fcabc6ef11b8b89391f/stepback_1629648692.PNG,696,934,stepback.PNG,False,bde3ab30-0364-11ec-ba7a-312052656fe3
pixels-rainbows,10,Portal,2019,"30""x40""",Oil on canvas,sold,,"Portal (2019). 30”x40”, Oil on canvas.   SOLD",https://www.jamiekendrioski.com/uploads/b/6875f8966e2e6a6d93c7e7aa6d7e39b1bed95d22a4500fcabc6ef11b8b89391f/painting%20converted.%20portal_1629649154.jpg,2406,3204,painting converted. portal.jpg,False,a9c5fad0-a2d9-11ec-9849-add38c044bdf
pixels-rainbows,11,Burst,2013,"36""x48""",Oil on canvas,available,900,"Burst (2013). 36""x48"", Oil on canvas. $900",https://www.jamiekendrioski.com/uploads/b/6875f8966e2e6a6d93c7e7aa6d7e39b1bed95d22a4500fcabc6ef11b8b89391f/burst%202_1629649142.JPG,833,1132,burst 2.JPG,False,b400d892-0364-11ec-ba7a-312052656fe3
